<?xml version="1.0" encoding="UTF-8"?>
<configurationDescriptor version="97">
  <logicalFolder name="root" displayName="root" projectFiles="true" kind="ROOT">
    <logicalFolder name="HeaderFiles"
                   displayName="Header Files"
                   projectFiles="true">
      <itemPath>Car.h</itemPath>
      <itemPath>Date.h</itemPath>
      <itemPath>DayOfYear.h</itemPath>
      <itemPath>Employee.h</itemPath>
      <itemPath>Month.h</itemPath>
      <itemPath>NumDays.h</itemPath>
      <itemPath>NumDays2.h</itemPath>
      <itemPath>Numbers.h</itemPath>
      <itemPath>Personal.h</itemPath>
      <itemPath>RetailItem.h</itemPath>
      <itemPath>TimeOff.h</itemPath>
    </logicalFolder>
    <logicalFolder name="ResourceFiles"
                   displayName="Resource Files"
                   projectFiles="true">
    </logicalFolder>
    <logicalFolder name="SourceFiles"
                   displayName="Source Files"
                   projectFiles="true">
      <itemPath>Car.cpp</itemPath>
      <itemPath>Date.cpp</itemPath>
      <itemPath>DayOfYear.cpp</itemPath>
      <itemPath>Employee.cpp</itemPath>
      <itemPath>Month.cpp</itemPath>
      <itemPath>NumDays.cpp</itemPath>
      <itemPath>NumDays2.cpp</itemPath>
      <itemPath>Numbers.cpp</itemPath>
      <itemPath>Personal.cpp</itemPath>
      <itemPath>RetailItem.cpp</itemPath>
      <itemPath>TimeOff.cpp</itemPath>
      <itemPath>main.cpp</itemPath>
    </logicalFolder>
    <logicalFolder name="TestFiles"
                   displayName="Test Files"
                   projectFiles="false"
                   kind="TEST_LOGICAL_FOLDER">
    </logicalFolder>
    <logicalFolder name="ExternalFiles"
                   displayName="Important Files"
                   projectFiles="false"
                   kind="IMPORTANT_FILES_FOLDER">
      <itemPath>Makefile</itemPath>
    </logicalFolder>
  </logicalFolder>
  <projectmakefile>Makefile</projectmakefile>
  <confs>
    <conf name="Debug" type="1">
      <toolsSet>
        <compilerSet>default</compilerSet>
        <dependencyChecking>true</dependencyChecking>
        <rebuildPropChanged>false</rebuildPropChanged>
      </toolsSet>
      <compileType>
      </compileType>
      <item path="Car.cpp" ex="false" tool="1" flavor2="0">
      </item>
      <item path="Car.h" ex="false" tool="3" flavor2="0">
      </item>
      <item path="Date.cpp" ex="false" tool="1" flavor2="0">
      </item>
      <item path="Date.h" ex="false" tool="3" flavor2="0">
      </item>
      <item path="DayOfYear.cpp" ex="false" tool="1" flavor2="0">
      </item>
      <item path="DayOfYear.h" ex="false" tool="3" flavor2="0">
      </item>
      <item path="Employee.cpp" ex="false" tool="1" flavor2="0">
      </item>
      <item path="Employee.h" ex="false" tool="3" flavor2="0">
      </item>
      <item path="Month.cpp" ex="false" tool="1" flavor2="0">
      </item>
      <item path="Month.h" ex="false" tool="3" flavor2="0">
      </item>
      <item path="NumDays.cpp" ex="false" tool="1" flavor2="0">
      </item>
      <item path="NumDays.h" ex="false" tool="3" flavor2="0">
      </item>
      <item path="NumDays2.cpp" ex="false" tool="1" flavor2="0">
      </item>
      <item path="NumDays2.h" ex="false" tool="3" flavor2="0">
      </item>
      <item path="Numbers.cpp" ex="false" tool="1" flavor2="0">
      </item>
      <item path="Numbers.h" ex="false" tool="3" flavor2="0">
      </item>
      <item path="Personal.cpp" ex="false" tool="1" flavor2="0">
      </item>
      <item path="Personal.h" ex="false" tool="3" flavor2="0">
      </item>
      <item path="RetailItem.cpp" ex="false" tool="1" flavor2="0">
      </item>
      <item path="RetailItem.h" ex="false" tool="3" flavor2="0">
      </item>
      <item path="TimeOff.cpp" ex="false" tool="1" flavor2="0">
      </item>
      <item path="TimeOff.h" ex="false" tool="3" flavor2="0">
      </item>
      <item path="main.cpp" ex="false" tool="1" flavor2="0">
      </item>
    </conf>
    <conf name="Release" type="1">
      <toolsSet>
        <compilerSet>default</compilerSet>
        <dependencyChecking>true</dependencyChecking>
        <rebuildPropChanged>false</rebuildPropChanged>
      </toolsSet>
      <compileType>
        <cTool>
          <developmentMode>5</developmentMode>
        </cTool>
        <ccTool>
          <developmentMode>5</developmentMode>
        </ccTool>
        <fortranCompilerTool>
          <developmentMode>5</developmentMode>
        </fortranCompilerTool>
        <asmTool>
          <developmentMode>5</developmentMode>
        </asmTool>
      </compileType>
      <item path="Car.cpp" ex="false" tool="1" flavor2="0">
      </item>
      <item path="Car.h" ex="false" tool="3" flavor2="0">
      </item>
      <item path="Date.cpp" ex="false" tool="1" flavor2="0">
      </item>
      <item path="Date.h" ex="false" tool="3" flavor2="0">
      </item>
      <item path="DayOfYear.cpp" ex="false" tool="1" flavor2="0">
      </item>
      <item path="DayOfYear.h" ex="false" tool="3" flavor2="0">
      </item>
      <item path="Employee.cpp" ex="false" tool="1" flavor2="0">
      </item>
      <item path="Employee.h" ex="false" tool="3" flavor2="0">
      </item>
      <item path="Month.cpp" ex="false" tool="1" flavor2="0">
      </item>
      <item path="Month.h" ex="false" tool="3" flavor2="0">
      </item>
      <item path="NumDays.cpp" ex="false" tool="1" flavor2="0">
      </item>
      <item path="NumDays.h" ex="false" tool="3" flavor2="0">
      </item>
      <item path="NumDays2.cpp" ex="false" tool="1" flavor2="0">
      </item>
      <item path="NumDays2.h" ex="false" tool="3" flavor2="0">
      </item>
      <item path="Numbers.cpp" ex="false" tool="1" flavor2="0">
      </item>
      <item path="Numbers.h" ex="false" tool="3" flavor2="0">
      </item>
      <item path="Personal.cpp" ex="false" tool="1" flavor2="0">
      </item>
      <item path="Personal.h" ex="false" tool="3" flavor2="0">
      </item>
      <item path="RetailItem.cpp" ex="false" tool="1" flavor2="0">
      </item>
      <item path="RetailItem.h" ex="false" tool="3" flavor2="0">
      </item>
      <item path="TimeOff.cpp" ex="false" tool="1" flavor2="0">
      </item>
      <item path="TimeOff.h" ex="false" tool="3" flavor2="0">
      </item>
      <item path="main.cpp" ex="false" tool="1" flavor2="0">
      </item>
    </conf>
  </confs>
</configurationDescriptor>
