<?xml version="1.0" encoding="UTF-8"?>
<project-private xmlns="http://www.netbeans.org/ns/project-private/1">
    <data xmlns="http://www.netbeans.org/ns/make-project-private/1">
        <activeConfTypeElem>1</activeConfTypeElem>
        <activeConfIndexElem>0</activeConfIndexElem>
    </data>
    <editor-bookmarks xmlns="http://www.netbeans.org/ns/editor-bookmarks/2" lastBookmarkId="0"/>
    <open-files xmlns="http://www.netbeans.org/ns/projectui-open-files/2">
        <group>
            <file>file:/C:/Users/heidy/Desktop/Assignment_5_Problem_Set/Employee.h</file>
            <file>file:/C:/Users/heidy/Desktop/Assignment_5_Problem_Set/ProductionWorker.h</file>
            <file>file:/C:/Users/heidy/Desktop/Assignment_5_Problem_Set/TeamLeader.h</file>
            <file>file:/C:/Users/heidy/Desktop/Assignment_5_Problem_Set/Date2.cpp</file>
            <file>file:/C:/Users/heidy/Desktop/Assignment_5_Problem_Set/ShiftSupervisor.cpp</file>
            <file>file:/C:/Users/heidy/Desktop/Assignment_5_Problem_Set/Date2.h</file>
            <file>file:/C:/Users/heidy/Desktop/Assignment_5_Problem_Set/Absolute.h</file>
            <file>file:/C:/Users/heidy/Desktop/Assignment_5_Problem_Set/ProductionWorker.cpp</file>
            <file>file:/C:/Users/heidy/Desktop/Assignment_5_Problem_Set/ShiftSupervisor.h</file>
            <file>file:/C:/Users/heidy/Desktop/Assignment_5_Problem_Set/TeamLeader.cpp</file>
            <file>file:/C:/Users/heidy/Desktop/Assignment_5_Problem_Set/main.cpp</file>
            <file>file:/C:/Users/heidy/Desktop/Assignment_5_Problem_Set/Employee.cpp</file>
        </group>
    </open-files>
</project-private>
