<?xml version="1.0" encoding="UTF-8"?>
<project-private xmlns="http://www.netbeans.org/ns/project-private/1">
    <data xmlns="http://www.netbeans.org/ns/make-project-private/1">
        <activeConfTypeElem>1</activeConfTypeElem>
        <activeConfIndexElem>0</activeConfIndexElem>
    </data>
    <editor-bookmarks xmlns="http://www.netbeans.org/ns/editor-bookmarks/2" lastBookmarkId="0"/>
    <open-files xmlns="http://www.netbeans.org/ns/projectui-open-files/2">
        <group>
            <file>file:/C:/Users/heidy/Desktop/projectofdeath/Projects/Project%202/Project_2_Final/Message.h</file>
            <file>file:/C:/Users/heidy/Desktop/projectofdeath/Projects/Project%202/Project_2_Final/UserPick.cpp</file>
            <file>file:/C:/Users/heidy/Desktop/projectofdeath/Projects/Project%202/Project_2_Final/Results.h</file>
            <file>file:/C:/Users/heidy/Desktop/projectofdeath/Projects/Project%202/Project_2_Final/Validation.cpp</file>
            <file>file:/C:/Users/heidy/Desktop/projectofdeath/Projects/Project%202/Project_2_Final/ComputerPick.cpp</file>
            <file>file:/C:/Users/heidy/Desktop/projectofdeath/Projects/Project%202/Project_2_Final/ComputerPick.h</file>
            <file>file:/C:/Users/heidy/Desktop/projectofdeath/Projects/Project%202/Project_2_Final/changelimit.h</file>
            <file>file:/C:/Users/heidy/Desktop/projectofdeath/Projects/Project%202/Project_2_Final/UserPick.h</file>
            <file>file:/C:/Users/heidy/Desktop/projectofdeath/Projects/Project%202/Project_2_Final/main.cpp</file>
            <file>file:/C:/Users/heidy/Desktop/projectofdeath/Projects/Project%202/Project_2_Final/Results.cpp</file>
            <file>file:/C:/Users/heidy/Desktop/projectofdeath/Projects/Project%202/Project_2_Final/changelimit.cpp</file>
            <file>file:/C:/Users/heidy/Desktop/projectofdeath/Projects/Project%202/Project_2_Final/Validation.h</file>
        </group>
    </open-files>
</project-private>
